{
	"player":	{
		"position":	{
			"x":	254.36761474609375,
			"y":	278.36761474609375
		},
		"facing_right":	true
	},
	"switch":	{
		"opened":	true
	}
}